crpv	W_p1_a
crpv	W_p1_b
crpv	W_p1_c
crpv	K_p1_a
crpv	K_p1_b
crpv	K_p1_c
crpv	I_p1_a
crpv	I_p1_b
crpv	I_p1_c
crpv	W_p2_a
crpv	W_p2_b
crpv	W_p2_c
crpv	K_p2_a
crpv	K_p2_b
crpv	K_p2_c
crpv	I_p2_a
crpv	I_p2_b
crpv	I_p2_c
crpv	W_p3_a
crpv	W_p3_b
crpv	W_p3_c
crpv	K_p3_a
crpv	K_p3_b
crpv	K_p3_c
crpv	K_p5_a
crpv	K_p5_b
crpv	K_p5_c
crpv	K_p10_a
crpv	K_p10_b
crpv	K_p10_c
crpv	I_p5_a
crpv	I_p5_b
crpv	I_p5_c
crpv	W_p10_b
crpv	W_p10_a
crpv	W_p10_c
crpv	I_p10_a
crpv	I_p10_b
crpv	I_p10_c
crpv	I_p3_a
crpv	I_p3_b
crpv	I_p3_c
crpv	W_p5_a
crpv	W_p5_b
crpv	W_p5_c
